F1_cam1_X,F1_cam1_Y,F2_cam1_X,F2_cam1_Y,LJla_cam1_X,LJla_cam1_Y,LJlm_cam1_X,LJlm_cam1_Y,LJlc_cam1_X,LJlc_cam1_Y,GHa_cam1_X,GHa_cam1_Y,TP_cam1_X,TP_cam1_Y,GHc_cam1_X,GHc_cam1_Y,PMX_cam1_X,PMX_cam1_Y,AMd_cam1_X,AMd_cam1_Y,AMv_cam1_X,AMv_cam1_Y,SQr_cam1_X,SQr_cam1_Y,SQl_cam1_X,SQl_cam1_Y,DMd_cam1_X,DMd_cam1_Y,DMv_cam1_X,DMv_cam1_Y,BHa_cam1_X,BHa_cam1_Y,BHc_cam1_X,BHc_cam1_Y,SHa_cam1_X,SHa_cam1_Y,SHc_cam1_X,SHc_cam1_Y,CL_cam1_X,CL_cam1_Y,HPa_cam1_X,HPa_cam1_Y,HPc_cam1_X,HPc_cam1_Y,EPc_cam1_X,EPc_cam1_Y,EPa_cam1_X,EPa_cam1_Y
202.8209229,189.0441284,181.3455505,235.1149902,244.9864349,165.4151459,339.0959473,119.0378647,357.1763916,119.4057159,263.2937622,189.8649445,281.920166,215.6990662,298.2400818,202.3654785,275.9249268,187.6369476,349.1302795,136.4086914,342.5784912,124.0677948,358.5244141,251.3738251,382.5302429,158.1482849,384.2802124,122.8936615,385.0292969,115.9441147,345.1307373,213.7957458,352.4352722,217.943634,390.7185059,213.7062073,426.4524841,200.6538239,472.9664917,222.5721436,557.5128784,212.3234558,597.8240967,207.3208923,557.4742432,192.5067444,522.2998047,195.9163666
