F1_cam1_X,F1_cam1_Y,F1_cam2_X,F1_cam2_Y,F2_cam1_X,F2_cam1_Y,F2_cam2_X,F2_cam2_Y,LJla_cam1_X,LJla_cam1_Y,LJla_cam2_X,LJla_cam2_Y,LJlm_cam1_X,LJlm_cam1_Y,LJlm_cam2_X,LJlm_cam2_Y,LJlc_cam1_X,LJlc_cam1_Y,LJlc_cam2_X,LJlc_cam2_Y,GHa_cam1_X,GHa_cam1_Y,GHa_cam2_X,GHa_cam2_Y,TP_cam1_X,TP_cam1_Y,TP_cam2_X,TP_cam2_Y,GHc_cam1_X,GHc_cam1_Y,GHc_cam2_X,GHc_cam2_Y,PMX_cam1_X,PMX_cam1_Y,PMX_cam2_X,PMX_cam2_Y,AMd_cam1_X,AMd_cam1_Y,AMd_cam2_X,AMd_cam2_Y,AMv_cam1_X,AMv_cam1_Y,AMv_cam2_X,AMv_cam2_Y,SQr_cam1_X,SQr_cam1_Y,SQr_cam2_X,SQr_cam2_Y,SQl_cam1_X,SQl_cam1_Y,SQl_cam2_X,SQl_cam2_Y,DMd_cam1_X,DMd_cam1_Y,DMd_cam2_X,DMd_cam2_Y,DMv_cam1_X,DMv_cam1_Y,DMv_cam2_X,DMv_cam2_Y,BHa_cam1_X,BHa_cam1_Y,BHa_cam2_X,BHa_cam2_Y,BHc_cam1_X,BHc_cam1_Y,BHc_cam2_X,BHc_cam2_Y,SHa_cam1_X,SHa_cam1_Y,SHa_cam2_X,SHa_cam2_Y,SHc_cam1_X,SHc_cam1_Y,SHc_cam2_X,SHc_cam2_Y,CL_cam1_X,CL_cam1_Y,CL_cam2_X,CL_cam2_Y,HPa_cam1_X,HPa_cam1_Y,HPa_cam2_X,HPa_cam2_Y,HPc_cam1_X,HPc_cam1_Y,HPc_cam2_X,HPc_cam2_Y,EPc_cam1_X,EPc_cam1_Y,EPc_cam2_X,EPc_cam2_Y,EPa_cam1_X,EPa_cam1_Y,EPa_cam2_X,EPa_cam2_Y
202.8209229,189.0441284,867.4190063,374.8844299,181.3455505,235.1149902,886.5939331,352.7974854,244.9864349,165.4151459,819.3651733,320.2529297,339.0959473,119.0378647,716.4858398,323.8966675,357.1763916,119.4057159,694.7588501,342.8571777,263.2937622,189.8649445,797.5500488,333.9417419,281.920166,215.6990662,773.8321533,341.6455688,298.2400818,202.3654785,757.694458,364.355072,275.9249268,187.6369476,779.5637817,260.1699219,349.1302795,136.4086914,702.201355,262.1561584,342.5784912,124.0677948,712.6552734,293.5297546,358.5244141,251.3738251,682.3457031,255.2819672,382.5302429,158.1482849,663.8171997,247.8675232,384.2802124,122.8936615,664.2072754,270.1776733,385.0292969,115.9441147,663.3977661,305.8752441,345.1307373,213.7957458,704.1815796,374.6046448,352.4352722,217.943634,694.2473755,365.7033691,390.7185059,213.7062073,651.7049561,374.70755,426.4524841,200.6538239,611.2553101,390.1784058,472.9664917,222.5721436,556.3414307,431.3068237,557.5128784,212.3234558,455.3032227,463.5512085,597.8240967,207.3208923,406.7048645,470.6658936,557.4742432,192.5067444,464.8394775,262.0726013,522.2998047,195.9163666,504.9326782,265.8178711
